TAZ,HU_SF,HU_MF,HU_OTH
101,409.0001630233032,3.243399923897059e-05,9.512569566601329e-06
102,0.0,0.0,0.0
103,401.05107785972154,190.4080683953627,0.11968240395575414
104,531.3204909526141,1.4564347141390332,0.42715782396683544
105,490.5186086195143,0.10317881702218655,0.030261321383515272
106,450.0,0.0,0.0
107,191.0,240.0,0.0
108,116.0,0.0,0.0
109,218.01974240482326,172.79974040240987,0.23455591020686473
110,0.0,0.0,0.0
111,144.7335996215075,1.1407176895363733,0.3345611590361463
112,0.0,0.0,0.0
113,117.0,100.0,0.0
114,139.0,0.0,0.0
115,231.0,104.0,0.0
116,4.0,120.0,0.0
117,481.0,0.0,0.0
118,85.75996180978001,0.0,0.0
119,210.0,0.0,0.0
120,197.0,0.0,0.0
121,5.0,0.0,0.0
122,7.0,0.0,0.0
123,65.0,0.0,0.0
124,24.0,0.0,0.0
125,7.0,0.0,0.0
126,0.0,0.0,0.0
127,2.4209036483600004,0.0,0.0
128,472.0245727732567,2.407276555135951,0.7060302840873447
129,177.30583993087188,4.041466496658348,1.185321949269777
130,124.48822200515018,0.4950395988798058,0.14519019341001962
131,66.0,119.0,0.0
132,0.0,0.0,0.0
133,0.0,0.0,0.0
134,423.7597347527808,36.01198812380927,0.0
135,0.0,0.0,0.0
136,57.1027674724102,251.1404336395898,0.0
137,285.4582938114,0.0,0.0
138,452.7039484137663,100.14005275239172,0.04107608008202267
139,105.48748812512,149.0,0.0
140,365.0,311.0,0.0
141,124.61083456456532,42.72403840538071,0.21235326699396195
142,0.0,38.0,0.0
143,26.146865433452195,0.029219340201557052,0.008569742026248012
144,0.0,521.0,0.0
145,250.28174534604,36.0,0.0
146,42.0,117.0,0.0
147,0.0,0.0,0.0
148,0.0,0.07216450525,0.0
149,219.69312355616003,248.50464028733998,0.0
150,73.60565990207999,23.48246329896,0.0
151,30.0,403.0,0.0
152,292.667477568,0.0,0.0
153,520.5944448212839,1.709891845710214,0.5014942811658955
154,478.6926205036033,2.923143089942254,0.8573288107744372
155,181.0,80.0,0.0
156,0.0,1009.32221630104,290.0
157,29.0,82.72339916672,0.0
158,31.0,697.0,0.0
159,0.0,338.0,0.0
160,297.17486171328,250.88087489406,1.0
161,0.0,35.496483938500006,0.0
162,63.0,217.01474749980005,0.0
163,259.61370721983997,222.0,0.0
164,517.4917906871113,9.863818516741263,0.19436205734741757
165,258.0,0.0,0.0
166,572.0,0.0,0.0
167,576.0,0.0,0.0
168,0.0,0.0,0.0
169,0.0,0.0,0.0
170,466.0,118.0,0.0
171,0.0,0.0,0.0
172,0.0,66.0,323.0
173,110.63697278694413,203.20116492218588,224.0
174,0.0,0.0,0.0
175,1.0,0.0,0.0
176,317.37722147742113,250.34187692725885,0.0
177,8.0,33.0,0.0
178,0.0,377.0,0.0
179,0.0,0.0,0.0
180,477.0,0.0,0.0
181,437.0,0.0,0.0
182,566.0,0.0,0.0
183,480.0,0.0,0.0
184,0.0,0.0,0.0
185,233.11459366048,111.0,0.0
186,0.0,0.0,58.0
187,0.0,610.9575049764001,0.0
188,287.0,202.0,0.0
189,0.0,790.0,0.0
190,181.24372862112,55.17092021872,0.0
191,1.0,216.0,0.0
192,340.1136928,54.878646958880005,0.0
193,0.0,0.0,0.0
194,83.0,483.95622285576,0.0
195,500.0,418.14840320216,0.0
196,370.0,45.0,0.0
197,307.0,0.0,0.0
198,493.0,0.0,0.0
199,246.0,227.38455330376001,0.0
200,469.76613501543966,730.6623448888504,0.0
201,527.0,173.42740286416,0.0
202,322.3745002096,0.0,0.0
203,400.34169078907996,0.0,0.0
204,536.6894616601601,0.0,0.0
205,359.4615154707034,33.02734725519172,0.8205318226448985
206,314.0,0.0,0.0
207,484.0,48.0,0.0
208,444.0,0.0,0.0
209,137.0,0.0,0.0
210,67.0,0.0,0.0
211,313.0,0.0,0.0
212,368.0,0.0,11.0
213,489.0,0.0,0.0
214,347.02568738112,0.0,0.0
215,1.0,0.0,0.0
241,0.0,187.8896267104,0.0
242,275.7722301001236,250.67509980832642,0.0
243,73.35707653044,0.0,0.0
244,10.0,0.0,0.0
245,127.04559278245459,140.7132294207954,0.0
246,183.84237442260095,124.89691909887902,0.0
247,3.0,0.0,0.0
248,8.360710905082732,4.551980400623575,0.002023694373694886
249,349.5566196339199,0.0,0.0
250,0.0,0.0,0.0
251,230.013689088929,112.13934211574094,0.0
252,372.95729112412,0.0,0.0
253,638.0,0.0,0.0
254,621.0,0.0,0.0
255,466.0,0.0,0.0
256,432.74845766942,0.0,0.0
257,209.09930004644,0.0,0.0
258,256.48066333322004,0.0,0.0
259,247.0,0.0,0.0
260,64.5344654839,0.0,0.0
261,115.36612941402144,11.828266564686777,3.4691130045318026
262,57.2259208674,0.0,0.0
263,404.0,0.0,0.0
264,423.0,0.0,0.0
265,372.0,0.0,0.0
266,224.0,0.0,0.0
267,619.0,0.9414075541900001,0.0
268,600.0,0.0,0.0
269,254.0,0.0,0.0
270,250.0,0.0,0.0
271,113.0,0.0,0.0
272,45.47381537352,0.0,0.0
273,60.74457227616,0.0,0.0
274,532.0,0.0,0.0
275,361.30474118985387,2.2491138381068634,0.6596427313992962
276,19.65734199008,0.0,0.0
277,588.28318318304,0.0,0.0
278,453.0,1.0,0.0
279,516.0,0.0,0.0
280,148.0,0.0,0.0
281,176.95377231824003,0.0,0.0
282,444.0,0.0,0.0
283,207.0,130.0,0.0
284,153.0,0.0,0.0
285,348.0,0.0,0.0
286,255.84134527392285,93.11244353483468,4.2602768628024315
287,3.0,0.0,0.0
288,499.0,0.0,0.0
289,0.0,0.0,0.0
290,106.73362421376405,18.37828752646258,5.390169042133375
291,64.31352728153567,11.456085474080885,3.3599559903234466
292,1.0,0.0,0.0
293,3.0,0.0,0.0
294,327.0,0.0,0.0
295,656.0,0.0,0.0
296,739.0,0.0,0.0
297,113.0,0.0,0.0
298,37.6049568162345,3.301362233018034,0.9682567257509465
299,136.52643161723148,1.6370634254994807,0.4801344294690418
300,20.0,0.0,0.0
321,0.0,0.0,0.0
322,0.0,0.0,0.0
323,538.6214746112769,21.32995234140315,0.0
324,359.0,0.0,0.0
325,151.0,61.0,0.0
326,69.0,183.0,0.0
327,59.0,0.0,128.0
328,460.0,69.0,0.0
329,128.0,37.0,0.0
330,63.0,172.0,0.0
331,87.0,63.0,0.0
332,268.0,2.0,86.0
333,195.0,290.0,29.0
334,255.0,42.0,0.0
335,0.0,0.0,0.0
336,516.0,153.0,26.0
337,48.021811294399996,0.0,0.0
338,0.0,0.0,0.0
339,217.0,133.0,0.0
340,1.0,0.0,16.0
341,2.0086873342703093,0.0,5.021718335675773
351,0.0,0.0,0.0
352,0.0,0.0,0.0
353,23.0,0.0,0.0
354,0.0,0.0,0.0
355,0.0,0.0,0.0
371,110.0,23.0,0.0
372,585.2997726179187,511.58866591404126,0.0
373,57.69639184767782,39.1735328859921,24.0
374,1.0,0.0,0.0
375,43.0,53.0,0.0
376,18.0,20.0,63.0
377,438.7331484469095,108.13959109631907,0.0
378,4.0,0.0,0.0
379,1.0,0.0,0.0
380,186.0,0.0,0.0
381,0.0,0.0,0.0
391,112.0,12.0,13.0
392,2.0,0.0,0.0
393,0.0,0.0,0.0
411,147.0,3.0,0.0
412,76.0,44.0,0.0
413,236.0,0.0,0.0
414,27.0,4.0,57.0
415,123.0,13.0,0.0
416,147.66679492096,82.0,0.0
417,393.42220556352,0.0,0.0
418,36.0,9.0,0.0
419,571.5513136740605,307.91188744151674,0.0
420,0.0,0.0,0.0
421,1.0,0.0,0.0
422,6.0,0.0,0.0
423,7.0,51.0,0.0
424,0.0,0.0,0.0
425,0.0,0.0,0.0
426,0.0,0.0,0.0
427,0.0,0.0,0.0
441,6.0,0.0,0.0
442,1.0,0.0,0.0
443,28.108591678378865,0.0,4.004343667135155
444,1.0,0.0,0.0
445,0.0,0.0,0.0
446,0.0,0.0,0.0
447,1.0,0.0,0.0
448,0.0,0.0,0.0
449,0.0,0.0,0.0
450,18.0,6.0,0.0
451,6.0,0.0,0.0
452,10.0,0.0,0.0
453,8.07387229408,0.0,0.0
454,3.0,0.0,0.0
455,3.07279529504,0.0,0.0
456,132.0,0.0,0.0
457,7.0,0.0,0.0
458,1.0,0.0,0.0
459,5.0,0.0,0.0
460,151.0,0.0,0.0
461,73.11006416144181,79.1753517125882,0.0
481,52.0,0.0,0.0
482,48.0,5.0,0.0
483,302.0,0.0,0.0
484,141.0,0.0,0.0
485,442.0,0.0,0.0
486,96.0,0.0,0.0
487,382.0,0.0,0.0
488,239.0,0.0,0.0
489,231.0,0.0,0.0
490,242.0,0.0,0.0
491,199.0,0.0,0.0
492,228.0,0.0,1.0
493,123.0,0.0,0.0
494,217.0,0.0,0.0
495,367.0,78.0,0.0
496,0.0,0.0,0.0
497,154.0,0.0,0.0
498,119.0459799296,68.0,0.0
499,36.34637029216,0.0,0.0
500,215.0,0.0,0.0
501,352.0,18.0,4.0
502,257.0,68.0,0.0
503,524.0,0.0,35.0
504,321.15080723603415,0.4279098686493088,1.1255017108365382
505,324.0,96.0,42.0
506,451.0,154.0,0.0
507,452.2067987144099,418.24009640227985,54.070417888110256
508,0.0,0.0,33.0
509,0.0,0.0,93.0
510,0.0,0.0,72.0
511,330.0,444.0,0.0
512,344.0,768.0,0.0
513,1.0,496.0,12.0
514,0.0,0.0,0.0
515,0.0,0.0,0.0
516,0.0,0.0,0.0
517,300.42399593999994,33.32965446960501,0.0
518,379.3082574653305,50.865915796603716,0.0
519,6.0,0.0,0.0
520,8.0,0.0,0.0
521,11.0,0.0,0.0
522,221.0,0.0,0.0
523,0.0,0.0,0.0
524,218.0,0.0,0.0
525,362.0,0.0,1.0
526,615.0,398.0,0.0
527,170.0,493.0,0.0
528,454.0,0.0,0.0
529,472.0,0.0,0.0
530,355.0,0.0,0.0
531,474.34922624976156,0.4584841742214873,0.1344688507369554
532,254.88074440636245,0.971039460369496,1.2847962211080393
533,414.9225337264,0.0,4.0
534,447.0,88.0,4.0
535,269.96532250048,143.0,0.0
536,233.30275604160002,194.0,360.0
537,0.0,0.0,0.0
538,0.0,0.0,0.0
539,0.0,0.0,0.0
540,592.0,64.0,1.0
541,612.0,4.0,0.0
542,722.0,315.0,11.0
543,72.0,272.0,0.0
544,3.0,0.0,0.0
545,20.0,126.0,0.0
546,556.0,10.0,0.0
547,35.0,0.0,0.0
548,380.0,12.0,0.0
549,294.22707417824,90.0,0.0
550,174.40926866264311,65.8667693494157,0.8407949530612003
551,360.4337236944,38.0,0.0
552,261.32301467744,94.0,0.0
553,316.46367245120007,523.0,0.0
554,372.2393090861704,249.78019955184263,1.0
555,5.0,0.0,0.0
556,435.0,0.0,0.0
557,111.0,254.0,1.0
558,742.0,147.0,17.0
559,0.0,0.0,0.0
560,79.0,282.0,0.0
561,324.0,86.0,0.0
562,0.0,0.0,0.0
563,291.0,576.0,0.0
564,0.0,984.0,0.0
565,0.0,152.0,0.0
566,0.0,236.0,0.0
567,0.0,417.0,0.0
568,0.0,188.0,0.0
569,0.0,0.0,0.0
570,529.0,494.0,0.0
571,285.0,0.0,0.0
572,0.0,0.0,0.0
573,303.11048429407,69.2209343452316,0.0647978472584385
574,252.6805210412408,48.04829229506593,0.014163650093248922
575,245.96578461931213,55.78377106721196,0.523162322435912
576,229.71146408209907,60.5394543126783,0.15821658746263054
577,0.0,0.0,0.0
578,325.64296155136,22.0,0.0
579,296.75549549088,101.0,1.0
580,173.83544608256,90.0,0.0
581,280.0,31.0,40.0
582,308.2915330934153,173.09611907077436,4.0
583,0.0,0.0,0.0
584,157.02574940445288,412.9726208606298,0.0
585,233.34312623593303,153.65906909292326,0.0
586,261.7309664244105,342.92664307002514,0.0
587,2.0,0.0,0.0
588,0.0,0.0,0.0
589,0.0,0.0,0.0
590,0.0,0.0,1.0
591,0.0,0.0,0.0
592,0.0,0.0,0.0
593,2.0,0.0,2.0
594,0.0,14.0,0.0
595,0.0,0.0,0.0
596,0.0,0.0,0.0
597,264.0,52.0,0.0
598,598.0010704928,642.0,0.0
599,552.0,483.0,0.0
600,112.0,0.0,324.0
601,1.0,63.0,0.0
602,363.0,105.0,0.0
603,473.0,171.0,0.0
604,0.0,382.0,0.0
605,381.0,0.0,0.0
606,253.0,5.0,0.0
607,142.0,0.0,0.0
608,369.7308267216684,101.88959314464616,0.0
609,210.46345643936,0.0,0.0
610,275.62210267744,112.4797850545,0.0
611,270.85184995648,0.0,0.0
612,230.4496280862472,317.8181381557128,0.0
613,229.64324332938068,161.8229222133782,2.0
614,2.0,0.0,0.0
615,0.0,0.0,0.0
631,0.0,0.0,0.0
632,0.0,0.0,0.0
633,32.072823338427824,28.648261158893263,0.0
634,37.798174114315536,101.24444077596708,0.0
635,32.0,93.14030942751,0.0
636,216.82447211133763,375.4765134914061,0.0
637,6.786572756143984,17.318720045194993,0.0
638,166.20418081901192,541.3122465553324,0.0
639,0.0,0.0,0.0
640,7.0,15.038788045750001,0.0
641,93.91886600236559,198.8409109020142,0.0
642,277.2024376449141,406.69183623922925,0.0
643,25.130047930115275,75.12895548930621,0.0
644,227.30936889051216,251.35371927746635,0.0
645,0.0,0.0,0.0
646,0.0,0.0,0.0
647,0.0,0.0,0.0
648,0.0,0.0,0.0
649,1.0,62.0,0.0
650,0.0,244.03333932888,0.0
651,2.0,279.36548434168003,0.0
652,3.0,272.86199745272,0.0
653,0.0,47.27673904304,0.0
654,0.0,243.04763032924,0.0
655,18.0,651.5278425594,0.0
656,0.0,0.0,0.0
657,4.0,0.0,0.0
658,0.0,0.0,0.0
659,0.0,0.0,0.0
660,0.0,18.0,0.0
661,0.0,0.0,0.0
662,0.0,0.0,0.0
663,0.0,206.0,0.0
664,0.0,0.0,0.0
665,4.0,93.75850723226,0.0
666,0.0,0.0,0.0
667,3.0,81.173761747,0.0
668,0.0,0.0,0.0
669,1.0,83.97221967139998,0.0
670,10.0,91.06351819924001,0.0
671,0.0,0.0,0.0
672,0.0,0.0,0.0
673,2.0,35.0,0.0
674,0.0,0.0,0.0
675,0.0,18.0,0.0
676,0.0,0.0,0.0
677,0.0,0.0,0.0
678,0.0,0.0,0.0
679,0.0,0.0,0.0
680,0.0,0.0,0.0
681,0.0,0.0,0.0
682,0.0,3.5814189004,0.0
683,3.0,466.11259852668,0.0
684,0.0,0.0,0.0
685,17.0,7.0,0.0
686,0.0,0.0,0.0
687,0.0,6.86473421872,275.0
688,0.0,217.0,0.0
689,0.0,6.825157880559999,0.0
690,1.0,25.0,0.0
691,2.0,0.0,0.0
692,0.0,0.0,0.0
693,0.0,0.0,0.0
694,0.0,0.0,0.0
695,0.0,0.0,0.0
696,0.0,0.0,0.0
697,1.0,290.16953188528,0.0
698,0.0,88.10532658928,0.0
699,55.0,0.0,0.0
700,11.0,112.0,0.0
701,0.0,2.0,1.0
702,0.0,0.0,0.0
703,2.0,75.85654923476,0.0
704,0.0,0.0,0.0
705,0.0,0.0,0.0
706,0.0,0.0,0.0
707,0.0,0.0,0.0
708,24.399203623439668,4.283121498642659,0.0
721,7.0,0.0,0.0
722,1.0,0.0,0.0
723,0.0,0.0,0.0
724,0.0,0.0,0.0
725,55.42305480037551,2.987669126435212,3.0
726,3.0,0.0,0.0
727,7.0,0.0,0.0
728,3.0,0.0,0.0
729,24.0,8.0,4.0
730,1.0,0.0,0.0
731,5.0,0.0,0.0
732,17.0,0.0,0.0
733,0.0,0.0,0.0
734,0.0,0.0,0.0
735,0.0,0.0,0.0
736,56.0,12.0,74.0
737,66.31463979284875,173.436113169702,0.0
738,1.0,35.0,1.0
739,203.0,0.0,0.0
740,8.0,0.0,0.0
741,59.0,0.0,0.0
742,41.95249710537295,12.769232157148782,0.0
743,368.2689406177763,113.1436212004042,0.0
744,101.79865016007088,38.868575008457846,0.0
745,75.89157136574644,56.462325501518606,0.0
746,0.0,0.0,0.0
747,114.0,4.0,0.0
748,527.0,185.0,1.0
749,300.23513504775485,6.27256246455282,0.0
750,517.575533866107,167.44306514231158,0.0
751,110.95798899001967,26.378521688316837,3.0
752,52.0,69.0,27.0
753,281.5318454539551,33.99228237095893,5.1098920677091355
754,103.00237941373129,517.2229445594941,0.0
755,546.4823479614254,300.4667870317238,0.0
756,38.33345108084262,44.40760472009843,0.0
757,331.28658474364613,1.8204522794609599,0.0
758,4.0,0.0,0.0
759,73.0,2.0,0.0
760,0.0,0.0,0.0
761,3.0,0.0,0.0
762,1.0,0.0,0.0
763,218.0,2.0,2.0
764,54.0,4.0,0.0
765,150.0,289.0,0.0
766,341.0,0.0,0.0
767,24.0,0.0,0.0
768,0.0,0.0,0.0
769,0.0,0.0,0.0
770,0.0,0.0,0.0
771,276.84369813995255,17.816952661508072,1.0
772,0.0,0.0,3.0
773,560.5709721770326,35.48461205702278,1.0
774,67.0,438.33102304548004,5.0
775,345.0,262.0,0.0
776,23.0,0.0,0.0
777,3.0,0.0,0.0
778,2.0,0.0,0.0
779,0.0,0.0,0.0
780,5.0,0.0,3.0
781,27.0,0.0,1.0
782,38.0,0.0,0.0
783,233.0,0.0,0.0
784,4.0,0.0,0.0
785,0.0,0.0,0.0
786,0.0,0.0,0.0
787,124.0,132.21688430815,0.0
788,11.0,4.52821326771,1.0
789,11.0,0.0,0.0
790,19.0,0.0,1.0
801,1.0,0.0,0.0
802,20.13255516928,0.0,5.0
803,12.0,0.0,0.0
804,77.0,0.0,3.0
805,42.0,0.0,3.0
806,62.0,0.0,2.0
807,3.0,0.0,0.0
808,6.0,0.0,0.0
809,323.5883457564987,592.2383019391757,3.0
810,17.0,0.0,2.0
811,97.1809834486299,4.452311233603375,1.0
812,5.0,0.0,2.0
813,0.0,0.0,4.0
814,1.0,0.0,3.0
815,20.0,0.0,1.0
816,6.0,5.0,2.0
817,40.0,0.0,8.0
831,0.0,0.0,0.0
832,165.0,107.0,204.0
833,446.0,188.0,0.0
834,596.0,100.0,0.0
835,260.0,566.0,0.0
836,289.7882603341207,92.44219279304929,0.0
837,6.0,700.0,0.0
838,315.27089845792,0.0,0.0
839,427.35542981836136,286.0312761381647,0.0
840,26.27513509109038,1.3048558610896053,0.0
841,0.0,0.0,0.0
842,3.0,0.0,0.0
843,308.0,356.0,0.0
844,536.0,309.0,0.0
845,490.0,224.0,0.0
846,567.4908644439646,119.96838844136539,0.0
847,321.0,66.0,0.0
848,216.0258853308044,45.1947382442162,0.0
849,475.38473539610715,208.44019972515105,0.0
850,129.0,192.0,0.0
851,456.0,224.0,0.0
852,547.0029678458327,121.0001910029705,0.0
853,561.0,98.0,0.0
854,587.0,115.0,0.0
855,534.5722031724182,165.0997630437179,1.0
856,257.0,145.0,0.0
857,554.0,197.0,6.0
858,559.0,34.0,0.0
859,504.01434349621513,109.45142521525068,0.0
860,2.0,14.0,0.0
861,99.33512549388244,8.0859252635386,0.0
862,90.48867723985147,214.96645182014856,0.0
863,13.223256729710387,38.56222007836961,0.0
864,420.0,366.0,0.0
865,696.0,47.0,0.0
866,540.0,444.5208062001201,0.0
867,609.0927486162675,162.00596906383117,0.0
868,19.0,5.89346600559,0.0
869,253.11509289357718,16.230529641312692,0.0
870,61.0,107.0,0.0
871,22.0,0.0,0.0
872,594.0,36.0,0.0
873,370.0,99.0,0.0
874,113.0,143.0,0.0
875,20.0,123.0,0.0
876,199.24800957334318,128.43815506238693,0.0
877,156.67950991786407,50.157062394460326,0.0
878,7.0,6.81120505238,0.0
879,316.21002284606664,150.68077190593334,0.0
880,103.05990558015944,27.81489882984056,0.0
881,1.0,6.0,0.0
882,110.0,100.0,0.0
883,0.0,41.0,0.0
884,1.0,0.0,0.0
885,0.0,0.0,0.0
901,91.16017335185587,0.1390232344433235,129.0
902,22.0,272.0,0.0
903,517.0,0.0,9.0
904,310.0,52.0,0.0
905,603.0,0.0,0.0
906,437.0,0.0,0.0
907,548.0,264.0,0.0
908,347.0,0.0,0.0
909,69.0,132.0,0.0
910,0.0,0.0,0.0
911,413.0,285.0,1.0
912,420.0,45.0,0.0
913,452.0,0.0,0.0
914,0.0,20.0,0.0
915,206.0,0.0,0.0
916,0.0,0.0,0.0
917,8.533911364330022,727.66174670567,2.0
918,400.0,393.0,0.0
919,312.0,48.0,0.0
920,217.0,904.0,0.0
921,0.0,0.0,0.0
922,0.0,0.0,0.0
923,0.0,0.0,0.0
924,19.664109335235022,820.871366770765,0.0
925,380.4422980167418,78.24342442184403,0.0
926,248.0,351.0,0.0
927,0.0,110.0,0.0
928,0.0,192.0,0.0
929,0.0,794.0,4.0
930,0.0,0.0,0.0
931,0.0,0.0,0.0
932,0.0,0.0,0.0
933,0.0,0.0,0.0
934,0.0,0.0,0.0
935,0.0,0.0,0.0
936,0.0,0.0,0.0
937,1.0,0.0,0.0
938,169.97078871379796,0.12683492329965182,0.0
939,200.69599944780248,0.04479274513831835,0.0
940,0.0,0.0,0.0
941,169.1780732870775,60.011460341512034,0.0
942,0.0,0.0,0.0
943,434.3266294975157,359.02102103943196,0.0
944,186.0,856.0,0.0
945,272.66650198720004,376.0,0.0
946,68.0,1189.0,0.0
947,168.0,309.0,0.0
948,78.0,90.0,42.0
949,226.74069388705755,0.42801237048516627,0.0
950,668.2792644489803,20.01305349451206,0.0
951,531.4760472057136,231.8970030426594,0.0
952,437.3118539119754,206.08442756402084,0.0
953,547.0,0.0,0.0
954,106.0,0.0,0.0
955,0.0,0.0,0.0
956,205.0,97.0,2.0
957,120.0,90.0,0.0
971,66.0,961.47017015424,0.0
972,67.72628873014433,75.6789857498677,0.0
973,483.9356486776798,0.09481109500826908,0.0
974,559.291192220713,178.26141240643963,0.0
975,543.5733085082317,357.82906658497075,0.0
976,57.0,0.0,0.0
977,8.0,0.0,0.0
978,0.0,0.0,0.0
979,1.0,840.0,1.0
980,103.0,93.0,0.0
981,191.7224574940684,0.3039252913579631,0.0
982,370.87604302680563,168.63559688110604,0.0
983,331.3678801746968,553.404901237076,0.0
984,516.5373964477443,251.2772574810704,86.0
985,167.99712963168,286.0,0.0
986,145.0,250.0,0.0
987,193.0,161.0,0.0
988,0.0,0.0,0.0
989,0.0,0.0,0.0
990,0.0,0.0,0.0
991,0.0,0.0,0.0
992,270.0,65.0,0.0
993,170.83694692855622,22.598442408679173,0.0
994,446.1102590039735,154.58631297912302,0.0
995,546.7470898044555,264.30906026558813,0.0
996,365.0,0.0,0.0
997,243.58085924576,8.0,0.0
998,140.3600920912,0.0,0.0
999,495.9333104773941,412.1501093243685,2.0
1000,210.75973001184,0.0,0.0
1001,0.0,0.0,0.0
1002,0.0,0.0,0.0
1003,0.0,0.0,0.0
1004,293.0671291348251,45.23919307004315,0.0
1005,39.20059244915963,0.7886317981521469,0.0
1006,163.6229887041037,935.8123832823318,0.0
1007,587.7900043749013,382.43698732292575,0.0
1008,634.0902917902013,0.1988832792878996,0.0
1009,251.2836505997064,57.49355697647082,0.0
1010,141.28491638687998,148.0,0.0
1011,394.0,158.0,0.0
1012,166.0,474.0,0.0
1013,0.0,0.0,0.0
1014,465.0,0.0,0.0
1015,231.0,83.0,180.0
1016,308.0,0.0,0.0
1017,338.0,0.0,0.0
1018,535.0,0.0,0.0
1019,665.0,0.0,0.0
1020,970.0,0.0,0.0
1021,0.0,0.0,73.0
1022,0.0,0.0,153.0
1023,530.0,0.0,0.0
1024,483.0,0.0,0.0
1025,228.0,0.0,0.0
1026,0.0,0.0,0.0
1027,1.0,0.0,0.0
1028,207.0,0.0,0.0
1029,170.0,0.0,0.0
1030,295.0,0.0,0.0
1031,0.0,0.0,0.0
1032,1.0,0.0,0.0
1033,6.0,0.0,0.0
1034,324.27148529996794,13.814681794776284,4.0
1035,1.0,0.0,0.0
1036,5.0,0.0,0.0
1037,2.0,0.0,50.0
1038,3.0,0.0,0.0
1039,7.0,0.0,1.0
1040,3.0,0.0,0.0
1041,1.0,0.0,0.0
1042,62.39323453438659,1.3186436502059848,4.3867450746274255
1061,145.43047636121827,25.28513413209735,0.0
1062,542.503763208935,16.28985068625861,0.0
1063,245.73044687800325,630.4876732952149,0.0
1064,223.02721845167594,147.1204874955958,0.0
1065,27.0,3.0,0.0
1066,75.0,132.0,0.0
1067,545.0,33.0,0.0
1068,420.0,609.0,0.0
1069,163.0,0.0,0.0
1070,0.0,0.0,164.0
1071,2.0,10.0,0.0
1072,120.27465970644458,225.21074872704082,0.0
1073,64.55646793134358,65.74374473195664,0.0
1074,77.9793340770911,16.449172098537417,0.0
1075,26.0,46.0,0.0
1076,3.0,13.0,12.0
1077,62.0,97.0,0.0
1078,113.08027330947326,3.620352250331904,0.0
1079,138.33006223168002,511.0,0.0
1080,189.8597233632,167.0,0.0
1081,1.0,0.0,0.0
1082,47.66242593845327,5.300061813909215,1.0
1083,256.54251251988296,205.90128058036086,0.0
1084,318.371155575654,56.49918857301637,0.0
1085,143.62830359603498,158.01939802860517,0.0
1086,232.6196188452766,16.099315276842333,0.0
1087,138.50847648483617,3.3638619368100553,0.0
1088,53.0,50.0,0.0
1089,119.2251187696,0.0,0.0
1090,0.0,252.0,0.0
1091,220.02704299130443,141.67503394879765,0.0
1092,619.1460849460262,84.96472438943589,2.0
1093,743.007233223117,50.05884959252137,0.0
1094,638.8063489759365,13.673819742543614,0.0
1095,566.2627848332071,27.403056821058833,0.0
1096,445.4556026368,8.0,0.0
1097,245.65840178016003,109.0,2.0
1098,389.8263167969004,6.563119933089042,0.0
1099,259.13355765998557,66.00859542955658,95.0
1100,54.0,219.0,0.0
1101,123.0,61.0,0.0
1102,465.0,0.0,0.0
1103,123.0,0.0,0.0
1104,266.0,0.0,0.0
1105,0.0,0.0,66.0
1106,19.52347214736,0.0,2.0
1107,0.0,395.86973971745,0.0
1108,96.21584965927426,75.2557086444519,0.0
1109,181.18549341877866,79.89706775761876,0.0
1110,214.25263448454245,38.85000019902632,2.036048811439715
1111,284.7148371616168,17.897223809391633,0.0
1112,233.3548758121162,178.66975081844382,0.0
1113,344.78387294424385,36.65059958794708,0.0
1114,568.4324625178701,661.2435151734518,0.0
1115,283.17269788707813,543.1133558969475,0.0
1116,0.0,190.0,0.0
1117,308.7244462366018,174.31020807513556,0.0
1118,246.83016266592,365.0,2.0
1119,114.0,865.16038511775,3.0
1120,52.37823043168,731.0,0.0
1121,0.0,0.0,0.0
1122,213.17881420127998,2.0,0.0
1123,388.1085701045068,0.16618835252170622,0.0
1124,0.0,0.0,0.0
1125,257.0,2.0,0.0
1126,129.0,0.0,0.0
1127,333.0,0.0,1.0
1128,3.0,28.0,0.0
1129,4.0,0.0,0.0
1130,0.0,61.77098401416,0.0
1131,102.17993829617537,3.234371795238946,18.0
1132,37.26728122397748,13.49674478228136,0.0
1133,491.184416805273,79.46175611072127,0.0
1134,584.1333318392425,354.6397736980292,0.0
1135,232.4594963717106,79.36123681814641,0.0
1136,534.3792583867192,41.53926764819928,0.0
1137,0.0,134.0,0.0
1138,0.1260333690703994,970.1722269149296,0.0
1139,6.0,593.0,0.0
1140,113.0,0.0,0.0
1141,177.15995123091096,99.57927788067823,0.16989644409080795
1142,175.39437076544297,113.32633427750582,0.8056678072312056
1143,40.64080577157352,43.87788738674517,0.0
1144,65.09925909702,153.0,0.0
1145,270.17435554083886,18.02431867269677,0.30716081134435497
1146,261.94035457112875,0.18708650141862385,1.0548706111326036
1147,430.0,0.0,0.0
1148,0.0,0.0,0.0
1149,0.0,25.96100255832,0.0
1150,11.0,0.0,0.0
1151,7.0,28.690326995360003,0.0
1152,6.0,0.0,0.0
1153,450.34847014103735,67.01750739592856,1.0
1154,448.0,159.0,0.0
1155,60.223749613067184,658.3564727821329,0.0
1156,531.0,224.0,0.0
1157,79.0,603.0,0.0
1158,273.0,0.0,0.0
1159,426.0,0.0,246.0
1160,173.0192226381323,2.590215318073639,9.759684404754086
1161,99.43020014118957,0.2845428192287047,0.08345358038171515
1162,153.43912822151788,0.48527223611775056,0.14232552300438417
1163,458.0,0.0,0.0
1164,758.0,0.0,0.0
1165,32.0,0.0,0.0
1166,0.0,0.0,1.0
1167,25.0,0.0,0.0
1168,103.0,0.0,0.0
1169,248.0,282.0,0.0
1170,316.0,0.0,230.0
1171,257.0,0.0,0.0
1172,305.0,0.0,0.0
1173,412.0,0.0,0.0
1174,425.0,0.0,0.0
1175,459.0,0.0,0.0
1176,23.0,0.0,0.0
1177,418.0,0.0,0.0
1178,0.0,0.0,0.0
1179,478.0597409841487,205.30453041511416,6.0
1180,597.0,43.0,27.0
1181,591.0,90.0,0.0
1182,275.0,65.0,0.0
1183,15.0,0.0,219.0
1184,526.0,0.0,0.0
1185,409.0,0.0,0.0
1186,487.68080735072,0.0,0.0
1187,677.0,0.0,0.0
1188,1.0,0.0,1.0
1189,5.0,0.0,3.0
1190,0.0,0.0,0.0
1191,1.0,0.0,0.0
1192,131.0,44.15908742765,0.0
1193,0.0,0.0,0.0
1194,0.0,0.0,0.0
1195,1.0,0.0,0.0
1196,0.0,0.0,0.0
1197,0.0,0.0,0.0
1198,0.0,0.0,0.0
1199,3.0,0.0,2.0
1200,16.0,2.0,1.0
1201,56.0,0.0,6.0
1202,10.0,0.0,0.0
1203,10.0,0.0,14.0
1204,18.034749337081237,0.0,0.0
1205,0.0,0.0,0.0
1206,1.0,0.0,0.0
1207,0.0,0.0,0.0
1208,0.0,0.0,0.0
1209,1.0,0.0,0.0
1210,3.0,0.0,0.0
1211,0.0,0.0,0.0
1212,26.0,0.0,11.0
1213,1.0,0.0,2.0
1214,0.0,0.0,0.0
1215,22.0,0.0,5.0
1216,18.0,0.0,4.0
1231,141.0,0.0,7.0
1232,8.0,0.0,0.0
1233,1.0,0.0,9.0
1234,10.0,0.0,0.0
1235,17.0,0.0,4.0
1236,7.0,0.0,0.0
1237,9.0,0.0,4.0
1238,0.0,0.0,0.0
1239,0.0,0.0,3.0
1240,6.0,0.0,0.0
1241,2.0,0.0,2.0
1242,15.0,0.0,3.0
1243,6.0,0.0,0.0
1244,20.0,0.0,0.0
1245,22.0,0.0,6.0
1246,44.0,0.0,0.0
1247,32.0,0.0,2.0
1248,58.0,0.0,2.0
1249,30.0,0.0,9.0
1250,57.0,0.0,0.0
1251,14.0,0.0,70.0
1252,44.0,0.0,19.0
1253,40.0,0.0,6.0
1254,37.0,0.0,39.0
1255,34.0,0.0,0.0
1256,41.0,0.0,0.0
1257,61.0,0.0,0.0
1258,27.0,0.0,1.0
1259,32.0,0.0,1.0
1260,7.516291013971271,0.4193718307643919,0.0
1261,2.0,0.0,2.0
1262,7.0,0.0,3.0
1263,3.0,0.0,0.0
1264,4.0,0.0,0.0
1265,2.0,0.0,0.0
1266,4.0,0.0,0.0
1267,1.0,0.0,0.0
1268,4.0,0.0,2.0
1269,7.0,0.0,0.0
1270,4.0,0.0,0.0
1271,5.0,0.0,0.0
1272,3.0,0.0,1.0
1273,1.0,0.0,0.0
1274,1.0,0.0,0.0
1275,12.0,0.0,0.0
1276,8.0,0.0,2.0
1277,12.0,0.0,2.0
1278,2.0,0.0,1.0
1279,0.0,0.0,0.0
1280,2.0,0.0,4.0
1281,1.0,0.0,5.0
1282,9.0,0.0,1.0
1283,5.0,0.0,2.0
1284,5.0,0.0,0.0
1285,145.8923808838687,9.260545772884239,0.0
1286,0.0,0.0,0.0
1287,2.0,0.0,0.0
1288,35.634533337091995,2.1646325789071685,0.0
1289,4.0,0.0,0.0
1290,10.0,0.0,0.0
1291,6.0,0.0,1.0
1292,0.0,0.0,0.0
1293,0.0,0.0,0.0
1294,0.0,0.0,0.0
1295,0.0,0.0,0.0
1296,3.0,0.0,0.0
1297,8.0,0.0,0.0
1298,5.0,0.0,0.0
1311,0.0,0.0,0.0
1312,0.0,0.0,0.0
1313,264.0,0.0,1.0
1314,0.0,0.0,0.0
1315,423.0,0.0,3.0
1316,21.0,0.0,0.0
1317,160.0,0.0,0.0
1318,0.0,0.0,178.0
1319,6.0,0.0,0.0
1320,2.0,0.0,1.0
1321,251.0,0.0,0.0
1322,14.0,0.0,0.0
1323,81.0,4.0,2.0
1324,31.0,0.0,1.0
1325,250.0,136.0,0.0
1326,18.0,0.0,0.0
1327,217.0,162.0,130.0
1328,11.0,0.0,0.0
1329,8.0,0.0,3.0
1330,576.0,0.0,0.0
1331,594.0,3.0,0.0
1332,573.0,397.0,0.0
1333,0.0,0.0,0.0
1334,141.0,0.0,10.0
1335,352.0,0.0,1.0
1336,234.0,0.0,0.0
1337,187.6053899333825,106.22711442745,2.0
1338,0.0,0.0,0.0
1339,27.0,150.0,0.0
1340,273.0,0.0,42.0
1341,337.0,0.0,2.0
1342,210.9513770674709,120.15484542860914,6.0
1343,460.8841138294521,3.0173417068493955,0.0
1344,499.0,0.0,110.0
1345,1.0,128.0,128.0
1346,19.0,0.0,3.0
1347,544.0,0.0,2.0
1348,538.0,36.0,6.0
1349,680.0,0.0,0.0
1350,470.44270674527996,160.0,153.0
1351,91.31747647714752,519.7400984706126,26.0
1352,0.0,170.0,0.0
1353,141.0,0.0,7.0
1354,225.0,0.0,7.0
1355,505.0,42.0,1.0
1356,517.8545582986411,9.680411253302115,3.5178875363505764
1357,352.6137960940502,44.478695465713805,19.0
1358,250.78134350468844,30.673132191469783,3.2574688583322957
1359,32.0,426.0,0.0
1360,3.0,0.0,59.0
1361,313.0,0.0,4.0
1362,441.0,0.0,4.0
1363,284.0,0.0,7.0
1364,35.0,0.0,8.0
1365,137.52109669543535,10.211066017577117,8.709241373867318
1366,100.02990034481738,213.0699245275259,55.90037834733675
1367,117.0,20.0,442.0
1368,17.0,3.0,48.0
1369,49.106906318379124,2.8386077313663893,0.0
1370,157.3225806759097,32.40970041422412,49.58452826392022
1371,263.64859197008036,106.07492170874028,28.0
1372,140.3872469907088,93.05464132233307,47.0
1373,21.53116007629332,0.1628989916007376,0.0
1374,2.0,0.0,0.0
1375,0.0,0.0,0.0
1376,30.0,2.0,0.0
1377,46.151800894268575,0.39591417847913957,0.0
1378,162.27614676776932,43.01285284851968,0.0
1379,0.0,0.0,0.0
1391,29.0,0.0,0.0
1392,50.0,0.0,3.0
1393,400.0,0.0,4.0
1394,528.0,0.0,1.0
1395,63.0,0.0,6.0
1396,0.0,0.0,0.0
1397,138.0,0.0,0.0
1398,224.0,2.0,1.0
1399,0.0,0.0,0.0
1400,1.0,0.0,0.0
1401,530.0,0.0,0.0
1402,1.0,0.0,0.0
1403,30.0,6.0,6.0
1404,18.0,0.0,2.0
1405,0.0,0.0,0.0
1406,31.0,0.0,7.0
1407,25.0,0.0,12.0
1408,26.0,0.0,0.0
1409,21.0,0.0,11.0
1410,68.0,0.0,11.0
1411,56.0,0.0,19.0
1412,26.0,0.0,4.0
1413,16.0,0.0,6.0
1414,27.0,0.0,11.0
1415,37.0,0.0,17.0
1416,29.0,0.0,8.0
1417,19.0,0.0,8.0
1418,33.0,0.0,9.0
1419,100.0,4.0,7.0
1420,75.2601877302254,1.0465309038395436,16.306937111055063
1421,21.0,4.0,9.0
1422,23.0,0.0,7.0
1441,2.0,0.0,53.0
1442,565.0,0.0,14.0
1443,549.0,0.0,0.0
1444,189.0,0.0,0.0
1445,29.0,0.0,0.0
1446,221.0,0.0,0.0
1447,432.0,0.0,0.0
1448,657.0,64.0,0.0
1449,233.0,0.0,0.0
1450,135.0,0.0,0.0
1451,195.0,0.0,0.0
1452,177.0,0.0,3.0
1453,301.0,0.0,0.0
1454,620.0,0.0,0.0
1455,0.0,0.0,0.0
1456,0.0,0.0,0.0
1457,57.0,0.0,0.0
1458,678.0,380.0,0.0
1459,250.0,306.0,0.0
1460,340.0,196.0,0.0
1461,660.0,0.0,0.0
1462,383.0,586.0,0.0
1463,382.0,0.0,0.0
1464,83.0,0.0,0.0
1465,548.0,0.0,0.0
1466,648.0,0.0,0.0
1467,467.0,0.0,21.0
1468,63.0,239.0,0.0
1469,0.0,0.0,77.0
1470,0.0,0.0,0.0
1471,0.0,0.0,0.0
1472,10.0,0.0,0.0
1473,392.0,0.0,3.0
1474,82.0,0.0,0.0
1475,300.0,32.0,24.0
1476,516.0,248.0,16.0
1477,458.0,102.0,1.0
1478,483.0,0.0,11.0
1479,0.0,0.0,0.0
1480,324.0,139.0,0.0
1481,590.0,0.0,43.0
1482,466.0,403.0,0.0
1483,467.0,0.0,0.0
1484,434.0,0.0,0.0
1485,470.0,168.0,3.0
1486,0.0,0.0,0.0
1487,2.0,0.0,0.0
1488,0.0,0.0,0.0
1489,2.0,174.0,119.0
1490,6.0,1100.0,192.0
1491,308.0,0.0,7.0
1492,461.0,25.0,4.0
1493,559.0,73.0,0.0
1494,493.0,14.0,32.0
1495,367.0,22.0,0.0
1496,3.0,0.0,0.0
1497,0.0,9.0,0.0
1498,61.0,0.0,11.0
1499,277.0,0.0,0.0
1500,84.0,351.0,0.0
1501,4.0,0.0,0.0
1502,105.0,523.0,0.0
1503,395.0,374.0,58.0
1504,81.0,296.0,0.0
1521,297.0,0.0,0.0
1522,90.0,2.0,0.0
1523,739.0,0.0,0.0
1524,264.0,0.0,0.0
1525,0.0,0.0,0.0
1526,21.0,0.0,0.0
1527,47.0,0.0,0.0
1528,3.0,0.0,2.0
1531,7.030405669946083,0.0,0.0
1541,9.0,153.0,0.0
1542,3.1837338464,76.0,0.0
1543,114.2503121712,184.0,0.0
1544,0.0,244.0,0.0
1545,78.0,282.0,3.0
1546,21.0,35.0,0.0
1547,107.0,0.0,22.0
1548,101.0,0.0,0.0
1549,132.0,80.0,0.0
1550,50.0,0.0,0.0
1551,0.0,0.0,0.0
1561,75.8509776576,72.0,0.0
1562,0.11946395968,0.0,0.0
1563,0.0,0.0,0.0
1581,5.13202920279402,0.2103459156759802,0.0
1582,222.46457436524318,346.45960176937683,0.0
1583,682.0,136.0,0.0
1584,238.0,141.0,0.0
1585,239.0,324.0,106.0
1586,285.0,20.0,0.0
1587,364.11668160621474,149.18589447472525,0.0
1588,336.0,71.0,0.0
1589,384.0,115.0,0.0
1590,485.0,204.0,0.0
1591,0.0,10.0,0.0
1592,3.0,0.0,0.0
1593,12.0,0.0,0.0
1594,2.0,0.0,0.0
1611,182.58962038868438,141.13896339370564,0.0
1612,4.0,0.0,0.0
1613,249.0,82.0,0.0
1614,3.0,0.0,0.0
1615,2.0,0.0,0.0
1616,5.0,0.0,0.0
1617,4.0,0.0,0.0
1631,2.0,0.0,0.0
1632,147.47247792352,142.0,0.0
1633,411.0,49.0,0.0
1634,431.02171833567576,0.0,0.0
1635,5.0,0.0,0.0
1636,0.0,0.0,0.0
1637,4.0,6.0,0.0
1638,287.0,159.0,0.0
1639,127.0,17.0,0.0
1640,268.01303100140547,0.0,0.0
1641,522.8133914224,60.0,0.0
1642,169.0,162.0,151.0
1643,163.49325249697958,119.26313245207042,0.0
1644,4.0,9.0,0.0
1645,67.0,163.0,0.0
1646,182.0,34.0,0.0
1647,115.0,62.0,0.0
1648,248.80320302687153,53.42360418183847,5.0
1649,256.0,14.0,0.0
1661,48.29439951465439,122.61831272506592,0.0
1662,4.0,26.0,0.0
1663,1.0,0.0,0.0
1664,108.20020628431942,146.8912665226505,0.0
1665,1257.05737531392,0.0,0.0
1666,147.8591131312,0.0,0.0
1667,53.695251811000006,0.0,0.0
1681,333.2756801968977,324.04858398810126,0.014249200760938722
1682,178.0,207.0,0.0
1683,86.0,85.0,0.0
1684,443.0,146.0,0.0
1685,15.0,27.0,0.0
1686,159.0,97.0,6.0
1687,159.0,57.0,21.0
1688,270.0282488522609,83.0386025757391,35.0
1689,0.0,0.0,0.0
1690,5.0,0.0,0.0
1691,0.0,0.0,0.0
1692,0.0,0.0,0.0
1701,595.2625134816,0.0,0.0
1702,0.0,0.0,0.0
1721,233.11751345709828,104.4828648147021,0.0
1722,233.0,40.0,0.0
1723,109.0,20.0,0.0
1724,0.0,0.0,0.0
1725,50.0,48.0,0.0
1726,113.0,18.0,0.0
1727,300.0,248.0,0.0
1728,196.0,66.0,0.0
1729,210.0,40.0,0.0
1730,75.0,100.0,0.0
1731,1.0,362.0,0.0
1732,5.021718335675773,0.0,0.0
1741,0.0,0.0,0.0
1742,26.207058942214545,1.4935469846860605,0.0
1743,2.0,0.0,0.0
1744,3.0,0.0,0.0
1751,265.0,132.0,0.0
1752,241.0,10.0,0.0
1753,107.0,8.0,0.0
1754,466.0,276.0,0.0
1755,306.07874631647996,260.0,0.0
1756,465.0,139.0,0.0
1757,303.0,104.0,0.0
1758,63.0,0.0,0.0
1759,3.0,0.0,0.0
1771,322.0,0.0,0.0
1772,94.50434982624,57.0,0.0
1773,0.0,0.0,0.0
1774,35.0,0.0,0.0
1775,2.0,0.0,0.0
1776,1.0,148.0,0.0
1777,2.37701865344,0.0,0.0
1778,47.69742387496698,48.35732522567302,0.0
1779,3.013031001405464,0.0,0.0
1780,2.0086873342703093,0.0,0.0
1791,204.0,41.0,0.0
1792,299.46099261643997,0.0,0.0
1793,0.0,0.0,0.0
1794,130.0,166.0,0.0
1795,224.0,56.0,0.0
1796,303.07656423484,37.0,0.0
1797,394.83449496904,186.0,0.0
1798,408.0,14.0,0.0
1799,0.0,0.0,0.0
1800,92.0,4.0,0.0
1801,84.0,42.0,0.0
1802,28.0,26.0,0.0
1803,97.1727471202,245.0,0.0
1804,254.0,64.0,0.0
1805,331.88190160348,165.25195344225003,0.0
1806,380.0,95.0,0.0
1807,155.04608145972,208.0,0.0
1808,203.27730707812,140.0,0.0
1809,282.0,156.0,0.0
1810,0.0,0.0,179.0
1811,99.0,0.0,0.0
1812,0.0,0.0,0.0
1813,428.0,22.0,0.0
1814,355.8617970714,31.0,0.0
1815,307.0,156.0,0.0
1816,8.0,0.0,0.0
1817,8.0,0.0,0.0
1818,241.01641810962622,0.0,78.33011870227178
1831,0.0,0.0,0.0
1833,49.96995119063865,78.01780974072132,0.0
1834,580.85276075404,60.0,0.0
1835,10.0,0.0,0.0
1851,285.0,0.0,0.0
1852,698.0,8.0,0.0
1853,2.0,0.0,0.0
1854,236.0,0.0,0.0
1855,162.0,0.0,135.0
1856,169.0,126.0,0.0
1857,0.0,0.0,0.0
1858,236.01767005557633,311.02815152967366,0.0
1859,343.0,112.0,0.0
1860,205.0,62.0,0.0
1861,189.0,0.0,0.0
1862,322.8382621080241,198.88947292575588,0.0
1863,197.0,96.0,0.0
1864,187.0,29.0,0.0
1865,178.0,88.0,0.0
1866,149.0,5.0,0.0
1867,233.0,101.0,0.0
1868,230.0,34.0,0.0
1869,132.0,63.0,0.0
1870,161.0,16.0,0.0
1871,254.0,0.0,0.0
1872,256.0,0.0,0.0
1873,160.0,0.0,0.0
1874,218.0,201.0,0.0
1875,162.0,241.0,0.0
1876,287.0,0.0,0.0
1877,220.76552059631575,42.81278716085424,0.0
1878,0.0,0.0,0.0
1879,0.0,0.0,0.0
1880,7.0,0.0,0.0
1891,5.0,0.0,0.0
1892,2.0,0.0,0.0
1893,3.0,0.0,0.0
1894,13.0,0.0,0.0
1895,12.0,0.0,0.0
1896,12.0,0.0,0.0
1897,19.0,0.0,0.0
1898,19.0,0.0,0.0
1899,47.0,2.0,0.0
1900,8.0,0.0,0.0
1901,0.0,0.0,0.0
1902,2.0,0.0,0.0
1903,3.0,0.0,0.0
1904,3.0,0.0,0.0
1905,5.0,0.0,0.0
1906,15.0,0.0,0.0
1907,284.7410956598976,34.63741791666241,0.0
1908,205.0,0.0,0.0
1921,266.0,136.0,0.0
1922,129.0,27.0,0.0
1923,11.0,0.0,0.0
1924,95.0,82.0,14.0
1925,34.0,148.0,33.0
1926,0.0,0.0,0.0
1927,18.078186008432784,0.0,5.021718335675773
1941,1.0,0.0,0.0
1942,0.0,0.0,0.0
1951,13.0,16.0,0.0
1952,322.56955542898004,0.0,0.0
1953,2.0,0.0,0.0
1954,252.78971004469997,6.0,0.0
1955,4.0,11.0,0.0
1956,364.0,113.0,0.0
1957,366.0,0.0,0.0
1958,465.0,37.0,0.0
1959,371.0,56.0,218.0
1960,507.78997365427887,1.2425972450714962,0.0
1961,574.0,295.0,0.0
1962,292.0,44.0,0.0
1963,220.6627490464886,1.7561053272742395,0.0
1964,117.0,4.0,0.0
1965,44.0,57.0,138.0
1966,0.0,0.0,0.0
1967,246.78678571842,337.0,0.0
1968,367.04484042726,82.0,0.0
1969,99.12405861668,12.0,0.0
1970,429.00636051957997,0.0,0.0
1971,81.0,30.0,0.0
1972,128.0,30.0,20.0
1973,331.0599222713346,141.09546679648537,0.0
1974,168.70261176494,36.0,0.0
1975,234.30058555344002,108.0,0.0
1976,310.0,74.0,0.0
1977,224.0,10.0,0.0
1978,93.0,20.0,0.0
1979,0.0,0.0,0.0
1991,2.0,0.0,0.0
1992,2.0,0.0,0.0
1993,67.25607354674,0.0,0.0
1994,79.85800697216,0.0,0.0
1995,80.0,0.0,0.0
1996,5.0,0.0,0.0
1997,8.0,0.0,0.0
1998,11.0,0.0,0.0
1999,5.0,0.0,0.0
2000,8.0,0.0,0.0
2001,13.0,0.0,0.0
2002,5.0,0.0,0.0
2003,3.0,0.0,0.0
2020,536.7624109910605,10.115666935485772,310.05212400562186
2021,214.69498674162475,0.0,98.33880603654205
2031,278.93825305384564,49.36631217994436,5.0
2032,28.12162267978433,0.0,6.026062002810928
2033,84.32577503513659,0.0,9.039093004216392
2041,87.33682845095078,1.6315479447803465,40.173746685406186
2042,198.74276708011143,0.0,76.3257750351366
2051,225.78105806870002,22.0,0.0
2061,47.19031572636,0.0,50.01303100140546
2062,34.05646767275701,0.0,53.2302143581632
2071,81.0,0.0,8.0
2072,276.12010488872,42.0,1.0
2073,211.6194478939633,22.986890261486693,0.0
2074,84.09739580218574,1.7521202021242555,4.0
2081,123.1530120927629,5.0233069787170885,0.0
2082,166.0,48.0,0.0
2083,0.0,0.0,0.0
2091,56.0,0.0,3.0
2092,127.19495525399594,4.186245395234051,5.0
2093,109.0,0.0,2.0
2094,11.456223011679999,6.0,0.0
2095,95.26179907138453,0.10140737271546738,8.0
2096,35.63910942584259,19.39092336732741,0.0
2097,25.0,0.0,1.0
2098,6.0,0.0,0.0
2099,159.0,0.0,14.0
2111,68.10995307321713,1.4033936269928766,14.0
2112,53.12716490040002,4.677586268969984,109.31532231
2121,79.16071568400073,0.0,132.1563720168656
2131,447.86855311827054,22.639715494319407,24.0
2141,187.7688290829223,0.0,125.5038653876779
2142,203.65155007027317,0.0,111.3735553736233
2143,48.19980868821712,0.0,21.091217009838246
2151,66.25193269383897,0.0,96.38224270789361
2152,393.9552859913932,70.45371186514674,1.0
2153,68.01737466854061,0.0,9.0
2154,195.03546136958,9.0,0.0
2155,162.0,42.0,7.0
2161,530.0,7.0,2.0
2162,469.58368351704365,130.66701798280633,6.0
2163,211.0,0.0,0.0
2164,869.0,64.0,5.0
2171,270.9698073990298,1.8354643364802148,211.0
2172,515.508209054813,5.021718335675773,649.2997130323256
2181,222.4887942480531,17.736793975242023,7.0
2182,42.11293534551401,0.0,4.017374668540619
2201,1.0043436671351547,0.0,17.073842341297627
2202,4.017374668540619,0.0,4.017374668540619
2203,0.0,0.0,9.039093004216392
2204,13.05646767275701,0.0,21.09121700983825
2205,10.043436671351547,0.0,27.117279012649174
2206,22.095560676973403,0.0,25.10859167837887
2207,19.069498674162475,2.0086873342703093,22.05646767275701
2221,159.69064307448963,0.0,86.37355537362328
2222,0.0,0.0,4.017374668540619
2223,33.1433410154601,0.0,74.32143136800144
2224,3.013031001405464,0.0,2.0086873342703093
2225,5.021718335675773,0.0,0.0
2226,2.0086873342703093,0.0,0.0
2227,11.013031001405464,0.0,0.0
2228,2.0,0.0,0.0
2229,12.052124005621856,0.0,0.0
2230,5.017374668540619,0.0,3.013031001405464
2231,0.0,0.0,4.017374668540619
2232,6.026062002810928,0.0,14.060811339892165
2233,10.043436671351547,0.0,19.08252967556794
2234,64.2779946966499,0.0,43.186777686811645
2235,5.017374668540619,0.0,0.0
2236,1.0043436671351547,0.0,0.0
2237,11.043436671351547,0.0,4.017374668540619
2238,1.0043436671351547,0.0,0.0
2239,0.0,0.0,0.0
2240,0.0,0.0,0.0
2241,7.030405669946083,0.0,2.0086873342703093
2242,10.043436671351547,0.0,9.039093004216392
2243,0.0,0.0,6.026062002810928
2244,2.0086873342703093,0.0,3.013031001405464
2245,1.0043436671351547,0.0,0.0
2246,8.034749337081237,0.0,32.13899734832495
2247,14.060811339892165,0.0,16.069498674162475
2248,7.030405669946083,0.0,15.06515500702732
2249,0.0,0.0,1.0043436671351547
2250,4.0,0.0,0.0
2251,0.0,0.0,0.0
2252,13.05646767275701,0.0,0.0
2253,0.0,0.0,7.030405669946083
2254,3.013031001405464,0.0,8.034749337081237
2255,4.017374668540619,0.0,2.0086873342703093
2256,6.026062002810928,0.0,1.0043436671351547
2257,13.05646767275701,0.0,8.034749337081237
2258,2.0086873342703093,0.0,7.030405669946083
2259,0.0,0.0,0.0
2260,0.0,0.0,0.0
2261,0.0,0.0,0.0
2262,10.043436671351547,0.0,25.108591678378865
2263,20.086873342703093,4.017374668540619,40.173746685406186
2264,6.026062002810928,0.0,2.0086873342703093
2265,5.021718335675773,0.0,2.0086873342703093
2266,1.0043436671351547,0.0,1.0043436671351547
2267,28.12162267978433,0.0,11.047780338486701
2268,1.0043436671351547,0.0,5.021718335675773
2269,22.095560676973403,0.0,4.017374668540619
2270,67.02606200281093,0.0,16.030405669946084
2271,20.086873342703093,0.0,4.017374668540619
2272,18.07818600843278,0.0,4.017374668540619
2273,4.017374668540619,0.0,2.0086873342703093
2274,22.095560676973406,0.0,6.008687334270309
2275,0.0,0.0,2.0086873342703093
2276,2.0086873342703093,0.0,2.0086873342703093
2277,0.0,0.0,0.0
2278,0.0,0.0,0.0
2279,0.0,0.0,0.0
2280,2.0,0.0,0.0
2281,4.017374668540619,0.0,0.0
2282,2.0,0.0,0.0
2283,0.0,0.0,0.0
2284,15.06515500702732,0.0,2.0086873342703093
2285,27.11727901264917,0.0,12.052124005621856
2286,0.0,0.0,4.017374668540619
2287,21.091217009838246,0.0,28.121622679784327
2288,0.0,0.0,0.0
2289,0.0,0.0,15.06515500702732
2290,4.017374668540619,0.0,16.069498674162475
2291,14.060811339892165,0.0,55.2389016924335
2292,34.147684682595255,0.0,4.017374668540619
2293,21.09121700983825,9.039093004216392,1.0043436671351547
2294,18.078186008432784,0.0,22.0955606769734
2295,12.052124005621856,0.0,3.013031001405464
2296,2.0086873342703093,0.0,16.069498674162475
2297,20.086873342703093,0.0,9.039093004216392
2298,0.0,0.0,0.0
2299,8.034749337081237,0.0,15.06515500702732
2300,0.0,0.0,13.05646767275701
2301,2.0086873342703093,0.0,6.026062002810928
2302,0.0,0.0,0.0
2303,0.0,0.0,0.0
2304,22.0955606769734,8.034749337081237,3.013031001405464
2305,2.0086873342703093,0.0,25.108591678378865
2306,2.0086873342703093,0.0,0.0
2307,0.0,0.0,0.0
2308,0.0,0.0,0.0
2309,5.0,0.0,4.0
2310,3.0,0.0,0.0
2311,1.0,0.0,2.0
2312,0.0,0.0,0.0
2313,0.0,0.0,0.0
2314,0.0,0.0,4.017374668540619
2315,0.0,0.0,6.026062002810928
2316,0.0,0.0,0.0
2317,0.0,0.0,0.0
2318,1.0,0.0,0.0
2319,0.0,0.0,11.047780338486701
2320,0.0,0.0,0.0
2321,0.0,0.0,0.0
2322,1.0,0.0,0.0
2323,0.0,0.0,0.0
2324,7.030405669946083,0.0,9.039093004216392
2325,9.039093004216392,0.0,6.026062002810928
2326,0.0,0.0,4.017374668540619
2327,5.021718335675773,0.0,102.44305404778578
2361,42.1824340196765,3.013031001405464,21.09121700983825
2362,60.26062002810927,0.0,14.060811339892165
2363,210.91217009838255,0.0,60.26062002810927
2364,22.095560676973403,0.0,3.013031001405464
2365,89.364868039353,0.0,17.073842341297627
2366,62.269307362379585,0.0,8.034749337081237
2367,27.117279012649178,0.0,4.017374668540619
2368,4.0,0.0,2.0
2369,4.017374668540619,0.0,0.0
2370,106.46042871632638,0.0,26.11293534551402
2371,41.178090352541346,0.0,7.030405669946083
2372,50.21718335675774,0.0,11.047780338486701
2373,73.31708770086628,0.0,11.047780338486701
2374,97.42133571211,0.0,14.060811339892165
2375,4.017374668540619,0.0,0.0
2376,9.039093004216392,0.0,0.0
2377,48.208496022487424,0.0,11.047780338486701
2378,30.130310014054643,0.0,12.052124005621856
2379,38.165059351135874,0.0,2.0086873342703093
2380,26.11293534551402,0.0,3.013031001405464
2381,65.28233836378506,0.0,9.039093004216392
2382,39.169403018271026,0.0,14.060811339892165
2383,47.204152355352264,0.0,15.06515500702732
2384,49.0,0.0,0.0
2385,11.0,0.0,0.0
2386,16.0,0.0,2.0
2387,11.0,0.0,0.0
2388,2.0,0.0,4.0
2389,31.134653681189796,0.0,7.030405669946083
2390,38.16505935113588,0.0,12.052124005621856
2391,6.026062002810928,0.0,0.0
2392,4.017374668540619,0.0,0.0
2393,18.078186008432784,0.0,4.017374668540619
2394,4.017374668540619,0.0,0.0
2395,93.40396104356938,0.0,251.08591678378866
2396,1.0,0.0,0.0
2397,19.0,0.0,0.0
2398,4.017374668540619,0.0,7.030405669946083
2399,0.0,0.0,0.0
2400,30.13031001405464,0.0,11.047780338486701
2401,15.0,0.0,2.0
2402,12.0,0.0,0.0
2403,16.0,0.0,0.0
2404,21.0,0.0,0.0
2405,36.15637201686557,0.0,9.039093004216392
2406,89.38658637502877,0.0,69.29971303232567
2407,43.18677768681165,0.0,9.039093004216392
2408,20.086873342703093,0.0,8.034749337081237
2409,7.030405669946083,0.0,6.026062002810928
2410,9.039093004216392,0.0,0.0
2411,13.05646767275701,0.0,4.017374668540619
2412,7.030405669946083,0.0,1.0043436671351547
2413,6.026062002810928,0.0,0.0
2414,7.030405669946083,0.0,0.0
2415,3.013031001405464,0.0,0.0
2416,3.013031001405464,0.0,3.013031001405464
2417,6.026062002810928,0.0,1.0043436671351547
2418,5.021718335675773,0.0,4.017374668540619
2419,6.026062002810928,0.0,0.0
2420,10.043436671351547,0.0,1.0043436671351547
2421,10.043436671351547,0.0,3.013031001405464
2422,5.021718335675773,0.0,4.017374668540619
2423,12.052124005621856,0.0,12.052124005621856
2424,13.05646767275701,0.0,0.0
2425,3.013031001405464,0.0,0.0
2426,12.052124005621856,0.0,4.017374668540619
2427,30.0,0.0,7.0
2428,9.0,0.0,0.0
2429,16.069498674162475,0.0,6.026062002810928
2430,24.104248011243712,0.0,3.013031001405464
2431,12.0,0.0,9.0
2432,94.76006052271708,1.2109110957029163,42.0
2433,89.38658637502874,0.0,30.130310014054643
2434,15.06515500702732,0.0,15.06515500702732
2435,14.060811339892165,0.0,13.05646767275701
2436,24.104248011243712,0.0,7.030405669946083
2437,37.0,0.0,9.0
2438,37.16071568400072,0.0,20.086873342703093
2439,5.021718335675773,0.0,2.0086873342703093
2440,45.23340341062447,2.020655361416145,4.0
2441,41.17809035254134,0.0,9.039093004216392
2442,20.086873342703093,0.0,2.0086873342703093
2443,13.05646767275701,0.0,2.0086873342703093
2444,6.026062002810928,0.0,0.0
2445,24.104248011243712,0.0,24.104248011243712
2446,61.26496369524444,0.0,30.130310014054636
2447,14.060811339892165,0.0,24.104248011243712
2448,16.069498674162475,0.0,23.099904344108552
2449,5.021718335675773,0.0,7.030405669946083
2450,3.013031001405464,0.0,4.017374668540619
2451,9.039093004216392,0.0,7.030405669946083
2452,27.117279012649178,0.0,2.0086873342703093
2453,13.05646767275701,0.0,0.0
2454,12.052124005621856,0.0,4.017374668540619
2455,23.09990434410856,0.0,0.0
2456,24.104248011243712,0.0,6.026062002810928
2457,8.034749337081237,0.0,5.021718335675773
2458,13.05646767275701,0.0,0.0
2459,41.178090352541346,7.030405669946083,4.017374668540619
2460,27.11727901264917,0.0,3.013031001405464
2461,6.026062002810928,0.0,0.0
2462,29.12596634691948,0.0,19.08252967556794
2463,28.121622679784323,0.0,17.073842341297627
2464,28.12162267978433,0.0,14.060811339892165
2465,30.13031001405464,0.0,41.17809035254133
2466,25.05646767275701,0.0,12.039093004216392
2467,33.09990434410855,0.0,21.09121700983825
2468,62.26062002810929,0.0,45.19546502108196
2469,56.243245359568654,0.0,92.39961737643422
2470,146.63417540173256,0.0,67.29102569805536
2471,80.34749337081239,0.0,52.22587069102804
2472,84.36486803935298,0.0,39.16940301827103
2473,45.147684682595255,0.0,18.060811339892165
2474,87.37789904075845,0.0,33.14334101546011
2475,29.108591678378865,0.0,6.026062002810928
2476,15.06515500702732,0.0,7.030405669946083
2477,126.54730205902949,0.0,41.17809035254134
2478,38.165059351135874,0.0,4.017374668540619
2479,78.33880603654207,0.0,34.147684682595255
2480,31.134653681189796,0.0,2.0086873342703093
2481,161.6993304087599,0.0,65.28233836378504
2482,18.078186008432784,0.0,6.026062002810928
2483,6.026062002810928,0.0,1.0043436671351547
2484,17.073842341297627,0.0,7.030405669946083
2485,12.052124005621856,0.0,7.030405669946083
2486,1.0043436671351547,12.052124005621856,3.013031001405464
2487,9.039093004216392,0.0,1.0043436671351547
2488,2.0086873342703093,0.0,0.0
2489,15.06515500702732,0.0,27.117279012649178
2490,41.17809035254134,0.0,71.30840036659598
2491,130.5646767275701,0.0,78.33880603654207
2492,73.3170877008663,0.0,33.1433410154601
2493,29.121622679784338,0.0,26.11293534551402
2494,35.152028349730415,0.0,31.134653681189796
2495,19.08252967556794,0.0,16.069498674162475
2496,12.052124005621856,0.0,15.06515500702732
2497,30.130310014054643,0.0,5.021718335675773
2498,55.23890169243351,0.0,11.047780338486701
2499,26.112935345514018,0.0,8.034749337081237
2500,76.22587069102804,0.0,27.052124005621856
2501,107.46477238346155,0.0,31.134653681189796
2502,103.44739771492091,0.0,141.61245706605683
2503,6.026062002810928,0.0,0.0
2504,10.043436671351547,0.0,2.0086873342703093
2505,23.09990434410856,0.0,3.013031001405464
2506,41.17809035254134,0.0,37.16071568400072
2507,27.091217009838246,0.0,9.021718335675773
2508,75.3257750351366,0.0,21.091217009838246
2509,20.086873342703093,0.0,6.026062002810928
2510,38.091217009838246,0.0,10.034749337081237
2511,19.08252967556794,0.0,5.021718335675773
2512,36.108591678378865,0.0,9.039093004216392
2513,5.0,0.0,0.0
2514,47.20415235535227,0.0,17.073842341297627
2515,19.08252967556794,0.0,5.021718335675773
2516,34.0,0.0,7.0
2517,12.052124005621856,4.017374668540619,7.030405669946083
2518,22.095560676973406,0.0,10.043436671351547
2519,201.4950805090326,1.2054888339437329,66.2779946966499
2520,11.00868733427031,0.0,5.021718335675773
2521,5.0,0.0,0.0
2522,3.0,0.0,0.0
2523,16.0,0.0,2.0
2524,15.0,0.0,0.0
2525,14.0,0.0,0.0
2526,24.104248011243712,0.0,4.017374668540619
2527,18.078186008432784,0.0,0.0
2528,1.0,0.0,3.0
2529,15.06515500702732,0.0,2.0086873342703093
2530,9.039093004216392,0.0,2.0086873342703093
2531,13.0,0.0,0.0
2532,34.0,0.0,4.0
2533,25.0,0.0,0.0
2534,21.0,0.0,0.0
2535,193.83832775708484,0.0,120.52124005621855
2536,169.6428627360029,0.0,68.29536936519051
2537,71.18243401967649,0.0,13.052124005621856
2538,55.165059351135874,0.0,6.013031001405464
2539,36.152028349730415,0.0,2.0086873342703093
2540,26.11293534551402,0.0,5.021718335675773
2541,24.104248011243712,0.0,6.026062002810928
2542,20.086873342703093,0.0,0.0
2543,40.173746685406186,0.0,4.017374668540619
2544,32.13899734832495,0.0,3.013031001405464
2545,34.147684682595255,0.0,28.095560676973403
2546,39.169403018271026,0.0,10.043436671351547
2547,20.06081133989216,0.0,3.013031001405464
2548,13.05646767275701,0.0,4.017374668540619
2549,20.086873342703093,0.0,3.013031001405464
2550,18.078186008432784,0.0,3.013031001405464
2551,11.047780338486701,0.0,4.017374668540619
2552,20.086873342703093,0.0,0.0
2553,14.060811339892165,0.0,3.013031001405464
2554,8.0,0.0,0.0
2555,14.060811339892165,0.0,2.0086873342703093
2556,25.108591678378865,0.0,4.017374668540619
2557,71.30840036659598,0.0,11.047780338486701
2558,4.017374668540619,0.0,0.0
2559,13.026062002810928,0.0,0.0
2560,2.0,0.0,0.0
2561,56.18677768681166,0.0,2.0086873342703093
2562,24.104248011243712,0.0,3.013031001405464
2563,50.21718335675773,0.0,5.021718335675773
2564,25.108591678378865,0.0,7.030405669946083
2565,37.0,0.0,0.0
2566,7.0,0.0,0.0
2567,45.0,2.0,0.0
2568,36.15637201686557,0.0,9.039093004216392
2569,33.14334101546011,0.0,1.0043436671351547
2570,21.0,0.0,0.0
2571,13.0,0.0,0.0
2572,64.25627636097411,0.0,4.017374668540619
2573,53.03474933708124,0.0,4.013031001405464
2574,0.0,0.0,0.0
2575,4.0,0.0,0.0
2576,25.0,0.0,0.0
2577,31.0,0.0,0.0
2578,74.19546502108196,0.0,22.06081133989217
2579,11.0,0.0,0.0
2580,21.034749337081237,0.0,7.021718335675773
2581,6.0,0.0,3.0
2582,6.008687334270309,0.0,2.0086873342703093
2583,23.099904344108555,0.0,14.060811339892165
2584,10.043436671351547,0.0,0.0
2585,8.0,0.0,1.0043436671351547
2586,17.047780338486703,0.0,0.0
2587,14.013031001405464,0.0,0.0
2588,48.208496022487424,0.0,0.0
2589,14.026062002810928,0.0,0.0
2590,78.12162267978434,5.0,0.0
2591,22.034749337081237,0.0,0.0
2592,12.043436671351547,0.0,0.0
2593,12.0,0.0,0.0
2594,30.0,0.0,0.0
2595,18.0,0.0,0.0
2596,51.22152702389289,0.0,8.034749337081237
2597,64.2779946966499,0.0,9.039093004216392
2598,56.24324535956865,0.0,25.10859167837887
2599,10.043436671351547,0.0,0.0
2600,55.23890169243351,0.0,2.0086873342703093
2601,21.091217009838246,0.0,3.013031001405464
2602,13.05646767275701,0.0,2.0086873342703093
2603,53.230214358163195,0.0,15.06515500702732
2604,0.0,0.0,0.0
2605,2.0086873342703093,0.0,0.0
2606,0.0,0.0,0.0
2607,66.2866820309202,0.0,20.086873342703093
2608,11.047780338486701,0.0,3.013031001405464
2609,11.013031001405464,0.0,7.008687334270309
2610,80.34749337081237,0.0,37.16071568400072
2611,62.26930736237959,0.0,29.125966346919483
2612,33.14334101546011,0.0,11.047780338486701
2613,75.3257750351366,0.0,16.069498674162475
2614,63.27365102951474,0.0,22.095560676973403
2615,123.53427105762404,0.0,39.169403018271026
2616,61.26496369524443,0.0,20.086873342703093
2617,15.06515500702732,0.0,13.043436671351547
2618,16.069498674162475,0.0,4.017374668540619
2619,43.18677768681165,0.0,13.05646767275701
2620,1.0043436671351547,0.0,0.0
2621,13.05646767275701,0.0,2.0086873342703093
2622,3.0,0.0,0.0
2623,18.078186008432784,0.0,4.017374668540619
2624,16.069498674162475,0.0,3.013031001405464
2625,22.095560676973403,0.0,3.013031001405464
2626,6.026062002810928,0.0,0.0
2627,2.0086873342703093,0.0,0.0
2628,0.0,0.0,0.0
2629,0.0,0.0,76.0
2630,0.0,0.0,0.0
2631,5.021718335675773,0.0,1.0043436671351547
2632,9.039093004216392,0.0,0.0
2633,8.026062002810928,0.0,4.017374668540619
2634,11.047780338486701,0.0,4.017374668540619
2635,6.026062002810928,0.0,2.0086873342703093
2636,4.017374668540619,0.0,0.0
2637,16.069498674162475,0.0,16.069498674162475
2638,47.20415235535228,0.0,10.043436671351547
2639,11.047780338486701,0.0,2.0086873342703093
2640,17.073842341297627,0.0,5.021718335675773
2641,8.034749337081237,0.0,1.0043436671351547
2642,8.034749337081237,0.0,2.0086873342703093
2643,0.0,0.0,0.0
2644,23.09990434410856,0.0,15.06515500702732
2645,7.030405669946083,0.0,0.0
2646,4.017374668540619,0.0,0.0
2647,54.234558025298355,0.0,10.043436671351547
2648,9.039093004216392,0.0,2.0086873342703093
2649,17.073842341297627,0.0,3.013031001405464
2650,18.078186008432784,0.0,0.0
2651,16.069498674162475,0.0,3.013031001405464
2652,35.152028349730415,0.0,9.039093004216392
2653,42.18243401967649,0.0,6.026062002810928
2654,47.20415235535227,0.0,10.043436671351547
2655,7.0,0.0,5.0
2656,1.0043436671351547,0.0,1.0043436671351547
2657,0.0,0.0,0.0
2658,2.0086873342703093,0.0,0.0
2659,51.22152702389289,0.0,3.013031001405464
2660,13.05646767275701,0.0,0.0
2661,9.039093004216392,0.0,0.0
2662,5.021718335675773,0.0,2.0086873342703093
2663,11.047780338486701,0.0,2.0086873342703093
2664,14.060811339892165,0.0,0.0
2665,2.0086873342703093,0.0,0.0
2666,0.0,0.0,3.013031001405464
2667,3.013031001405464,0.0,0.0
2668,4.017374668540619,0.0,0.0
2669,3.013031001405464,0.0,1.0043436671351547
2670,40.173746685406186,0.0,6.026062002810928
2671,16.069498674162475,0.0,0.0
2672,4.017374668540619,0.0,0.0
2673,5.021718335675773,0.0,0.0
2674,11.047780338486701,0.0,1.0043436671351547
2675,51.14768468259526,0.0,6.026062002810928
2676,36.15637201686557,0.0,14.060811339892165
2677,9.039093004216392,0.0,9.039093004216392
2678,2.0086873342703093,0.0,1.0043436671351547
2679,5.0,0.0,3.0043436671351547
2680,8.034749337081237,0.0,0.0
2681,7.030405669946083,0.0,0.0
2682,44.191121353946805,0.0,19.08252967556794
2683,36.008687334270306,0.0,16.004343667135153
2684,33.020916951218,0.033324409782003864,26.0
2685,35.152028349730415,0.0,10.043436671351547
2686,193.0,0.0,171.0
2687,28.0,0.0,4.0
2688,57.31652244609343,2.097453544906566,17.0
2689,32.13899734832495,0.0,13.05646767275701
2690,27.03909300421639,0.0,3.0043436671351547
2691,5.021718335675773,0.0,2.0086873342703093
2692,26.112935345514018,0.0,9.039093004216392
2693,2.0086873342703093,0.0,0.0
2694,0.0,0.0,0.0
2695,9.039093004216392,0.0,5.021718335675773
2696,11.047780338486701,0.0,5.021718335675773
2697,26.11293534551402,0.0,0.0
2698,26.11293534551402,0.0,0.0
2699,96.41699204497485,0.0,29.125966346919483
2700,315.8643897598958,0.0,69.19546502108196
2701,0.0,0.0,0.0
2702,8.034749337081237,0.0,0.0
2703,46.19980868821712,0.0,25.108591678378865
2704,167.38670988153063,8.0,39.00434366713515
2705,3.0,0.0,1.0
2706,6.0,0.0,0.0
2707,62.0,0.0,3.0
2708,353.0,0.0,3.0
2709,924.0,0.0,2.0
2710,232.27874265303248,1.9060452124363152,51.134653681189796
2711,699.0,0.0,2.0
2712,6.0,0.0,0.0
2713,40.0,0.0,0.0
2714,46.0,0.0,0.0
2715,49.0,0.0,0.0
2716,39.0,0.0,0.0
2717,45.0,0.0,0.0
2718,12.0,0.0,0.0
2719,10.0,0.0,1.0
2720,5.0,0.0,0.0
2721,66.0,0.0,0.0
2722,63.0,0.0,0.0
2723,50.0,0.0,0.0
2724,14.0,0.0,0.0
2725,38.0,0.0,2.0
2726,58.0,0.0,0.0
2727,21.0,0.0,0.0
2728,19.0,0.0,0.0
2729,14.0,0.0,0.0
2730,8.0,0.0,0.0
2731,42.0,0.0,0.0
2732,42.0,0.0,0.0
2733,29.0,0.0,0.0
2734,58.45679678344889,4.4678503963045255,1.3103761085665928
2735,30.668003121626693,3.7602705872615143,1.1028499842717907
2736,65.0,0.0,0.0
2737,39.0,0.0,0.0
2738,141.0366779011054,501.73367438211113,5.539159898053455
2771,1104.242252267464,10.59546581199286,5.1075447984232945
2772,126.0,0.0,1.0
2773,10.0,0.0,0.0
2774,2.0,0.0,0.0
2775,0.0,0.0,0.0
2776,2.0,0.0,0.0
2777,0.0,0.0,0.0
2778,1.0,0.0,0.0
2779,13.0,0.0,0.0
2780,55.17798852116863,96.59359681218633,1.7008206987750554
2781,0.0,0.0,0.0
2782,0.0,0.0,0.0
2783,0.0,0.0,0.0
2784,47.246264246092004,16.734745139908,0.0
2785,8.0,0.0,1.0
2786,24.0,0.0,0.0
2787,30.0,0.0,0.0
2788,0.0,0.0,0.0
2801,3.013031001405464,0.0,3.013031001405464
2802,41.0,0.0,7.0
2803,56.0,0.0,2.0
2804,199.6681363204293,0.0,8.034749337081237
2805,92.545607255297,0.0,9.0
2806,93.0,0.0,3.0
2807,30.013031001405466,0.0,2.0
2821,66.06535662654741,6.444830184355997,5.017374668540619
2822,401.0086873342703,0.0,4.004343667135155
2823,51.10424801124371,0.0,2.0
2824,90.29971303232567,0.0,16.030405669946084
2825,340.4725031588174,0.0,89.38658637502877
2826,531.2977999144969,0.0,151.65589373740835
2827,114.35618070508268,0.0,84.2866820309202
2828,192.8339840899497,0.0,26.112935345514018
2829,134.58205139611073,0.0,11.047780338486701
2830,71.30840036659599,0.0,15.06515500702732
2831,226.98166877254494,0.0,119.51689638908341
2832,119.51689638908343,0.0,312.3508804790331
2833,36.0,0.0,0.0
2834,278.03379277816686,0.0,113.44739771492094
2835,219.9512631025989,0.0,40.173746685406186
2836,27.11727901264917,0.0,23.09990434410856
2837,25.09990434410856,0.0,8.021718335675773
2838,86.30840036659598,4.017374668540619,153.5559893932998
2851,506.2292577992488,0.0,52.143341015460095
2852,99.42567937924515,111.48214705200216,2.0086873342703093
2853,409.35956781330344,0.0,134.5299273904889
2854,443.9199008737384,7.030405669946083,35.152028349730415
2855,0.0,0.0,0.0
